{"cameraMode":{"drawMode":0,"name":"Shaded","section":"Shading Mode"},"sceneLighting":true,"audioPlay":false,"sceneViewState":{"showFog":true,"showMaterialUpdate":false,"showSkybox":true,"showFlares":true,"showImageEffects":true,"showParticleSystems":true},"in2DMode":false,"pivot":{"x":1.6794933080673218,"y":51.356754302978519,"z":-48.528873443603519},"rotation":{"x":0.19254368543624879,"y":0.25909659266471865,"z":-0.05279136821627617,"w":0.9449924826622009},"size":1.125652551651001,"orthographic":false}